id,name,email,created_at
1,Elaine Hintz,Sterling.Blick@gmail.com,2024-12-22T06:22:43.346Z
2,Arthur Towne I,Mack_Friesen78@hotmail.com,2025-09-30T01:51:59.958Z
3,Kent Bradtke,Rhett.Fadel-Kozey61@yahoo.com,2025-03-12T22:09:29.508Z
4,Ella McLaughlin,Marilou0@hotmail.com,2024-05-23T02:00:32.899Z
5,Yvonne Windler,Jany_Stoltenberg3@hotmail.com,2024-03-07T06:06:30.609Z
6,Lora Anderson,Lavada75@gmail.com,2024-03-03T18:33:56.064Z
7,Essie Kautzer,Ashley_Powlowski47@yahoo.com,2025-02-17T14:07:56.753Z
8,Dr. Rachel Cronin-Heaney,Cathryn_Kirlin50@yahoo.com,2024-12-19T09:41:02.999Z
9,Mindy McCullough,Isabella_Leannon56@hotmail.com,2025-05-28T08:06:48.506Z
10,Marguerite Stracke,Cassandra.Bauch45@yahoo.com,2025-03-10T12:17:55.732Z
11,Essie Hand,Davon32@gmail.com,2024-01-22T02:26:02.190Z
12,Louis McLaughlin,Katlyn44@hotmail.com,2024-07-03T13:05:12.193Z
13,Lena Parker II,Deonte_Abernathy43@yahoo.com,2024-09-30T09:30:14.381Z
14,Dr. Stanley Blanda,Chesley.Sawayn23@yahoo.com,2024-05-01T05:46:51.975Z
15,Herbert Denesik,Hassie66@hotmail.com,2024-09-28T05:38:17.128Z
16,Krista Gutkowski,Albert.Crist-Towne31@yahoo.com,2025-12-09T17:09:54.346Z
17,Michelle Lemke,Micah.Schuppe8@yahoo.com,2024-01-08T12:20:20.687Z
18,Crystal Kunde,Verdie.Pouros49@gmail.com,2025-12-01T21:47:21.103Z
19,Dennis Rolfson,Jermaine_Stark47@yahoo.com,2024-11-06T11:54:41.228Z
20,Nicolas Grant,Carli_Lang@gmail.com,2025-09-21T00:33:43.313Z
21,Mrs. Diana Batz,Suzanne79@yahoo.com,2025-02-11T00:12:25.224Z
22,Gwendolyn Mueller III,Edyth99@hotmail.com,2024-10-24T16:20:21.505Z
23,Johnnie Runolfsdottir,Carleton18@yahoo.com,2025-01-22T05:42:59.659Z
24,Nick Morar I,Howell80@gmail.com,2025-02-11T10:43:43.732Z
25,Sherry Rempel Sr.,Oliver_Zieme95@hotmail.com,2024-09-12T01:00:26.708Z
26,Wendell Schulist,Chanelle_Stroman21@yahoo.com,2025-08-15T03:24:51.862Z
27,Jaime Fisher,Darron34@yahoo.com,2024-12-06T15:43:07.686Z
28,Jerald DuBuque Sr.,Rickey.Hermann50@yahoo.com,2024-06-30T06:48:33.907Z
29,Ramona Robel,Maymie_Jakubowski@yahoo.com,2025-02-22T00:10:41.543Z
30,Joy Conroy,Natalia63@yahoo.com,2025-08-13T13:58:08.415Z
31,Wendy Labadie,Gianni71@hotmail.com,2024-12-27T12:10:33.551Z
32,Mrs. Sabrina Wiza,Claud_Cummings1@gmail.com,2024-02-26T18:08:18.555Z
33,Mattie Greenholt-Sipes,Stephon.Hagenes@hotmail.com,2025-04-13T08:42:11.870Z
34,Dr. Edgar Robel,Reece_Heaney28@gmail.com,2024-03-05T05:40:49.758Z
35,Peter Schaefer,Maria.Hintz57@gmail.com,2025-04-27T01:26:53.404Z
36,Caroline Pacocha,Natalie76@yahoo.com,2023-12-26T12:02:25.174Z
37,Elmer Mayert,Therese52@yahoo.com,2024-01-07T01:30:30.177Z
38,Roberta Fritsch,Queen30@yahoo.com,2024-09-22T18:50:42.127Z
39,Edgar Blanda,Jeremie_Kohler@yahoo.com,2024-06-04T13:01:29.349Z
40,Percy Dicki,Torey85@yahoo.com,2025-07-03T07:14:48.696Z
41,Heather Lubowitz,Precious15@hotmail.com,2024-12-17T17:39:39.968Z
42,Kevin Wyman DVM,Josephine_Feeney74@hotmail.com,2024-07-30T11:03:43.720Z
43,Christopher Rodriguez II,Marge_Gulgowski@gmail.com,2025-03-16T17:00:15.369Z
44,Beatrice Berge,Heber_Reynolds@yahoo.com,2024-01-30T15:53:41.197Z
45,Olivia Brown-Koelpin,Keshawn73@yahoo.com,2024-06-08T11:12:01.690Z
46,Deanna Towne,Eleanore.Borer@yahoo.com,2023-12-15T18:41:22.625Z
47,Rudy Cremin DVM,Fae98@gmail.com,2025-12-06T06:54:13.008Z
48,Ms. Patricia Wolff,Izaiah_Rolfson@hotmail.com,2024-01-02T00:49:12.577Z
49,Ms. Hope Bruen,Brooke49@gmail.com,2025-04-30T18:15:36.945Z
50,Alvin Heaney DDS,Orie95@gmail.com,2024-05-11T00:10:58.286Z